<?xml version="1.0" encoding="UTF-8"?><?xml version="1.0" encoding="UTF-8"?>
<data>
	<stock>
		<item>
			<name>pizza_base</name>
			<quantity>40</quantity>
		</item>
		<item>
			<name>tomato_sauce</name>
			<quantity>39</quantity>
		</item>
		<item>
			<name>cheese</name>
			<quantity>18</quantity>
		</item>
		<item>
			<name>ham</name>
			<quantity>42</quantity>
		</item>
		<item>
			<name>olives</name>
			<quantity>51</quantity>
		</item>
		<item>
			<name>spaghetti</name>
			<quantity>61</quantity>
		</item>
		<item>
			<name>beef_mince</name>
			<quantity>62</quantity>
		</item>
		<item>
			<name>Coca_Cola_bottle</name>
			<quantity>0</quantity>
		</item>
	</stock>

	<order_control>
		<latest_order>0</latest_order>
	</order_control>

	<menu_items>
		<item>
			<name>Margherita</name>
			<category>Pizza</category>
			<price>12.50</price>
			<ingredients>
				<ingredient>
					<name>pizza_base</name>
					<quantity_required>1</quantity_required>
				</ingredient>
				<ingredient>
					<name>tomato_sauce</name>
					<quantity_required>1</quantity_required>
				</ingredient>
				<ingredient>
					<name>cheese</name>
					<quantity_required>2</quantity_required>
				</ingredient>
			</ingredients>
		</item>
		<item>
			<name>Capriccosa</name>
			<category>Pizza</category>
			<price>14.00</price>
			<ingredients>
				<ingredient>
					<name>pizza_base</name>
					<quantity_required>1</quantity_required>
				</ingredient>
				<ingredient>
					<name>tomato_sauce</name>
					<quantity_required>1</quantity_required>
				</ingredient>
				<ingredient>
					<name>cheese</name>
					<quantity_required>1</quantity_required>
				</ingredient>
				<ingredient>
					<name>ham</name>
					<quantity_required>2</quantity_required>
				</ingredient>
				<ingredient>
					<name>olives</name>
					<quantity_required>1</quantity_required>
				</ingredient>
			</ingredients>
		</item>
		<item>
			<name>Spaghetti_Blongnese</name>
			<category>Pasta</category>
			<price>15.00</price>
			<ingredients>
				<ingredient>
					<name>spaghetti</name>
					<quantity_required>1</quantity_required>
				</ingredient>
				<ingredient>
					<name>tomato_sauce</name>
					<quantity_required>1</quantity_required>
				</ingredient>
				<ingredient>
					<name>cheese</name>
					<quantity_required>1</quantity_required>
				</ingredient>
				<ingredient>
					<name>beef_mince</name>
					<quantity_required>2</quantity_required>
				</ingredient>
			</ingredients>
		</item>
		<item>
			<name>Coca_Cola</name>
			<category>Drink</category>
			<price>2.50</price>
			<ingredients>
				<ingredient>
					<name>Coca_Cola_bottle</name>
					<quantity_required>1</quantity_required>
				</ingredient>
			</ingredients>
		</item>
	</menu_items>
</data>